[
  {
    "title": "Selamat Datang di Miko Lebak News",
    "desc": "Ini adalah portal berita otomatis dari situs www.mikolebak.com.",
    "image": "https://source.unsplash.com/400x200/?news"
  },
  {
    "title": "Fitur Berita Otomatis Telah Aktif",
    "desc": "Sekarang situs ini dapat menampilkan berita langsung dari file JSON.",
    "image": "https://source.unsplash.com/400x200/?technology"
  },
  {
    "title": "Update Terbaru dari Miko Lebak",
    "desc": "Berita terbaru akan terus diunggah secara otomatis oleh admin.",
    "image": "https://source.unsplash.com/400x200/?update"
  }
]